2020-12-08;2021-01-07;6
2020-12-08;2021-01-07;6
2020-12-08;2021-01-07;6
2020-12-09;2021-01-08;6
2020-12-09;2021-01-08;6
2020-12-09;2021-01-08;6
2020-12-10;2021-01-09;6
2020-12-10;2021-01-09;6
2020-12-10;2021-01-09;6
2020-12-11;2021-01-10;6
2020-12-11;2021-01-10;6
2020-12-11;2021-01-10;6
2020-12-12;2021-01-11;6
2020-12-12;2021-01-11;6
2020-12-12;2021-01-11;6
2020-12-13;2021-01-12;6
2020-12-13;2021-01-12;6
2020-12-13;2021-01-12;6
2020-12-14;2021-01-13;6
2020-12-14;2021-01-13;6
2020-12-14;2021-01-13;6
2020-12-15;2021-01-14;6
2020-12-15;2021-01-14;6
2020-12-15;2021-01-14;6